false, false, 78.623536
false, false, 555.313980
false, false, 633.197065
false, false, 763.065741
false, false, 731.376500
false, false, 664.074781
false, false, 619.567070
false, false, 954.302518
false, false, 784.367537
false, false, 628.904398
