false, false, 45.023397
false, false, 349.963844
false, false, 233.125957
false, false, 381.728702
false, false, 311.309023
false, false, 227.089228
false, false, 448.208609
false, false, 425.399438
false, false, 280.373119
false, false, 337.264804
